sample_group	included_one_or_more_cohorts	n_samples	Kids_First_Biospecimen_IDs
Acute Lymphoblastic Leukemia___all_cohorts	TARGET_458_samples	458	TARGET-10-PANJPG-09A-01R,TARGET-10-PARHES-09A-01R,TARGET-10-PANEUH-09A-01R,TARGET-10-PARBVI-09A-02R,TARGET-15-SJMPAL043514-09A-01R,TARGET-15-SJMPAL043510-09A-01R,TARGET-15-SJMPAL041118-09A-01R,TARGET-15-SJMPAL041120-09A-01R,TARGET-15-SJMPAL041122-09A-01R,TARGET-15-SJMPAL042787-09A-01R,TARGET-15-SJMPAL042791-09A-01R,TARGET-15-SJMPAL042946-09A-01R,TARGET-15-SJMPAL042943-09A-01R,TARGET-10-PAPNNX-09A-02R,TARGET-15-SJMPAL042801-09A-01R,TARGET-15-SJMPAL042798-09A-01R,TARGET-15-SJMPAL042797-09A-01R,TARGET-15-SJMPAL042796-09A-01R,TARGET-15-SJMPAL042793-09A-01R,TARGET-15-SJMPAL042792-09A-01R,TARGET-15-SJMPAL042799-09A-01R,TARGET-10-PANLIC-09A-02R,TARGET-10-PANKAK-09A-02R,TARGET-15-SJMPAL044949-09A-01R,TARGET-15-SJMPAL044948-09A-01R,TARGET-15-SJMPAL043512-09B-01R,TARGET-15-SJMPAL043767-09B-01R,TARGET-15-SJMPAL040039-09A-01R,TARGET-15-SJMPAL040038-09A-01R,TARGET-15-SJMPAL040037-09A-01R,TARGET-10-PASYAJ-09A-01R,TARGET-10-PASYHN-09A-01R,TARGET-10-PATAXS-09A-01R,TARGET-10-PATDFE-09A-01R,TARGET-10-PATFRM-09A-01R,TARGET-10-PATITB-09A-01R,TARGET-10-PATLRZ-09A-01R,TARGET-10-PATWHB-09A-01R,TARGET-10-PATWIJ-09A-01R,TARGET-10-PATWXC-09A-01R,TARGET-10-PATWYL-09A-01R,TARGET-10-PAUBCB-09A-01R,TARGET-15-SJMPAL044950-09A-01R,TARGET-15-SJMPAL044953-09A-01R,TARGET-15-SJMPAL042794-09B-01R,TARGET-10-PASSHC-09A-01R,TARGET-15-SJMPAL046469-09A-01R,TARGET-10-PASXSI-09A-01R,TARGET-15-SJMPAL046468-09A-01R,TARGET-15-SJMPAL046467-09A-01R,TARGET-15-SJMPAL046466-09A-01R,TARGET-10-PASILW-09A-01R,TARGET-15-SJMPAL041119-09B-01R,TARGET-15-SJMPAL043768-09B-01R,TARGET-15-SJMPAL043770-09B-01R,TARGET-15-SJMPAL043771-09B-01R,TARGET-15-SJMPAL043775-09B-01R,TARGET-15-SJMPAL043774-09B-01R,TARGET-15-SJMPAL041117-09B-01R,TARGET-15-SJMPAL043505-09B-01R,TARGET-15-SJMPAL040025-09B-01R,TARGET-10-DCC002-09A-01R,TARGET-15-SJMPAL040459-09A-01R,TARGET-15-SJMPAL012421-09B-01R,TARGET-15-SJMPAL012419-09B-01R,TARGET-15-SJMPAL011914-09B-01R,TARGET-15-PARWPU-09B-01R,TARGET-10-PATCTI-09A-01R,TARGET-15-SJMPAL043508-09B-01R,TARGET-15-SJMPAL043511-09B-01R,TARGET-10-PASLAB-09A-01R,TARGET-10-PASLBB-09A-01R,TARGET-10-PASMHF-09A-01R,TARGET-10-PASMIC-09A-01R,TARGET-10-PASMNV-09A-01R,TARGET-10-PASNEH-09A-01R,TARGET-10-PASNTZ-09A-01R,TARGET-10-PASKXN-09A-01R,TARGET-10-PASPBU-09A-01R,TARGET-10-PASPPN-09A-01R,TARGET-10-PASRCV-09A-01R,TARGET-10-PASRMM-09A-01R,TARGET-10-PASSEF-09A-01R,TARGET-10-PASSPP-09A-01R,TARGET-10-PASSSR-09A-01R,TARGET-10-PASSZA-09A-01R,TARGET-10-PASINX-09A-01R,TARGET-10-PASIIY-09A-01R,TARGET-10-PASHXL-09A-01R,TARGET-10-PASHUP-09A-01R,TARGET-10-PASFKA-09A-01R,TARGET-10-PASFHR-09A-01R,TARGET-10-PARXLS-09A-01R,TARGET-10-PASKIC-09A-01R,TARGET-10-PASKSY-09A-01R,TARGET-10-PASPDS-09A-01R,TARGET-10-PARXVS-09A-01R,TARGET-10-PASJJR-09A-01R,TARGET-10-PASJLN-09A-01R,TARGET-10-PASJYI-09A-01R,TARGET-10-PASWSR-09A-01R,TARGET-10-PASWXB-09A-01R,TARGET-10-PASWXZ-09A-01R,TARGET-10-PASWZJ-09A-01R,TARGET-10-PASXIL-09A-01R,TARGET-10-PASXLT-09A-01R,TARGET-10-PASXLZ-09A-01R,TARGET-10-PASXMF-09A-01R,TARGET-10-PASXUC-09A-01R,TARGET-10-PASYCN-09A-01R,TARGET-10-PARWMF-09A-01R,TARGET-10-PARWID-09A-01R,TARGET-10-PAREGZ-09A-01R,TARGET-10-PARFDL-09A-01R,TARGET-10-PARFIH-09A-01R,TARGET-10-PARFPJ-09A-01R,TARGET-10-PARAYM-09A-01R,TARGET-10-PARIYD-09A-01R,TARGET-10-PARLJA-09A-01R,TARGET-10-PARKLK-09A-01R,TARGET-10-PARJXW-09A-01R,TARGET-10-PARJPL-09A-01R,TARGET-10-PASWNU-09A-01R,TARGET-10-PARJNX-09A-01R,TARGET-10-PARIZN-09A-01R,TARGET-10-PARHBT-09A-01R,TARGET-10-PARHBI-09A-01R,TARGET-10-PARGFL-09A-01R,TARGET-10-PARFXJ-09A-01R,TARGET-10-PARJAY-09A-01R,TARGET-10-PASJMK-09A-01R,TARGET-10-PASWFN-09A-01R,TARGET-10-PASVIN-09A-01R,TARGET-10-PASKAD-09A-01R,TARGET-10-PASKCL-09B-01R,TARGET-10-PASTDU-09A-01R,TARGET-10-PASTHE-09A-01R,TARGET-10-PASTLP-09A-01R,TARGET-10-PASTPT-09A-01R,TARGET-10-PATBRV-09A-01R,TARGET-10-PATBTX-09A-01R,TARGET-10-PATBYK-09A-01R,TARGET-10-PATCDM-09A-01R,TARGET-10-PATCDZ-09A-01R,TARGET-10-PATCKV-09A-01R,TARGET-10-PATCNI-09A-01R,TARGET-10-PATCUK-09A-01R,TARGET-10-PATCZN-09A-01R,TARGET-10-PATDBU-09A-01R,TARGET-10-PATDDZ-09A-01R,TARGET-10-PASUSV-09A-01R,TARGET-10-PASUIN-09A-01R,TARGET-10-PASUGC-09A-01R,TARGET-10-PASTXU-09A-01R,TARGET-10-PASXUU-09A-01R,TARGET-10-PATBGC-09A-01R,TARGET-10-PASVPZ-09A-01R,TARGET-10-PARWNW-09A-01R,TARGET-10-PATEFF-09A-01R,TARGET-10-PATEAK-09A-01R,TARGET-10-PATDMN-09A-01R,TARGET-10-PATDLG-09A-01R,TARGET-10-PATDKT-09A-01R,TARGET-10-PATDGZ-09A-01R,TARGET-10-PATBNT-09A-01R,TARGET-10-PARASZ-09A-01R,TARGET-10-PATGVX-09A-01R,TARGET-10-PATGWP-09A-01R,TARGET-10-PATGYH-09A-01R,TARGET-10-PATGZA-09A-01R,TARGET-10-PATHBG-09A-01R,TARGET-10-PATHFE-09A-01R,TARGET-10-PATSIL-09A-01R,TARGET-10-PAUBXP-09A-01R,TARGET-10-PAUCDY-09A-01R,TARGET-10-PATRAB-09A-01R,TARGET-10-PATRGV-09A-01R,TARGET-10-PATRHL-09A-01R,TARGET-10-PATRNA-09A-01R,TARGET-10-PATRUN-09A-01R,TARGET-10-PATRXL-09A-01R,TARGET-10-PATNIA-09A-01R,TARGET-10-PATPGE-09A-01R,TARGET-10-PAUCDC-09A-01R,TARGET-10-PATXNK-09A-01R,TARGET-10-PATGMP-09A-01R,TARGET-10-PATXAL-09A-01R,TARGET-10-PATWNL-09A-01R,TARGET-10-PATWJU-09A-01R,TARGET-10-PATTHR-09A-01R,TARGET-10-PATSLH-09A-01R,TARGET-10-PATSIY-09A-01R,TARGET-10-PATWYZ-09A-01R,TARGET-10-PATKGP-09A-01R,TARGET-10-PATGLV-09A-01R,TARGET-10-PATGBY-09A-01R,TARGET-10-PATYJK-09A-01R,TARGET-10-PATXSK-09A-01R,TARGET-10-PATXNR-09A-01R,TARGET-10-PAUAFN-09A-01R,TARGET-10-PAUAJA-09A-01R,TARGET-10-PAUAYB-09A-01R,TARGET-10-PAUAZV-09A-01R,TARGET-10-PAUBCT-09A-01R,TARGET-10-PAUBLL-09A-01R,TARGET-10-PAUBPY-09A-01R,TARGET-10-PAUBRD-09A-01R,TARGET-10-PAUBTC-09A-01R,TARGET-10-PATHJF-09A-01R,TARGET-10-PATHRF-09A-01R,TARGET-10-PATHWV-09A-01R,TARGET-10-PATIBE-09A-01R,TARGET-10-PATFYZ-09A-01R,TARGET-10-PATFWF-09A-01R,TARGET-10-PATFVG-09A-01R,TARGET-10-PATFJP-09A-01R,TARGET-10-PATFJD-09A-01R,TARGET-10-PATEYS-09A-01R,TARGET-10-PATGKE-09A-01R,TARGET-10-PATEVL-09A-01R,TARGET-10-PATYCH-09A-01R,TARGET-10-PATJZK-09A-01R,TARGET-10-PAUACG-09A-01R,TARGET-10-PATJLT-09A-01R,TARGET-10-PATJBC-09A-01R,TARGET-10-PATITY-09A-01R,TARGET-10-PATHGY-09A-01R,TARGET-10-PANRWG-09A-01R,TARGET-10-PATKVD-09A-01R,TARGET-10-PATKYI-09A-01R,TARGET-10-PATKWU-09A-01R,TARGET-10-PATLGU-09A-01R,TARGET-10-PATLHH-09A-01R,TARGET-10-PATLHS-09A-01R,TARGET-10-PATLNS-09A-01R,TARGET-10-PATLNZ-09A-01R,TARGET-10-PATMAF-09A-01R,TARGET-10-PATMRE-09A-01R,TARGET-10-PATMTV-09A-01R,TARGET-10-PATMVH-09A-01R,TARGET-10-PATMYZ-09A-01R,TARGET-10-PATNAM-09A-01R,TARGET-10-PATPDA-09A-01R,TARGET-10-PAPFWH-09A-01R,TARGET-10-PARWDM-09B-01R,TARGET-10-PASYIS-09A-01R,TARGET-10-PARWLP-09A-01R,TARGET-10-PASHNK-09A-01R,TARGET-10-PASFLK-09A-01R,TARGET-10-PARMMV-09A-01R,TARGET-10-PARMWH-09A-01R,TARGET-10-PARNEH-09A-01R,TARGET-10-PARNJB-09A-01R,TARGET-10-PARNMV-09A-01R,TARGET-10-PARNSP-09A-01R,TARGET-10-PARNXJ-09A-01R,TARGET-10-PARPET-09A-01R,TARGET-10-PARPHB-09A-01R,TARGET-10-PARPUL-09A-01R,TARGET-10-PARPYJ-09A-01R,TARGET-10-PAPHJF-09A-01R,TARGET-10-PANSIA-09A-02R,TARGET-10-PAPESW-09A-02R,TARGET-10-PANXDR-09A-01R,TARGET-10-PATENL-09A-01R,TARGET-10-PATBDK-09A-01R,TARGET-10-PATEMI-09A-01R,TARGET-10-PASHDV-09A-01R,TARGET-10-PARTBP-09A-01R,TARGET-10-PARSNX-09A-01R,TARGET-10-PARSJG-09A-01R,TARGET-10-PARSET-09A-01R,TARGET-10-PARRKK-09A-01R,TARGET-10-PATEIT-09A-01R,TARGET-10-PATBDJ-09A-01R,TARGET-10-PATALJ-09A-01R,TARGET-10-PARLST-09A-01R,TARGET-10-PARMFF-09A-01R,TARGET-10-PARVMR-09A-01R,TARGET-10-PARVHY-09A-01R,TARGET-10-PARVEI-09A-01R,TARGET-10-PARUKW-09A-01R,TARGET-10-PARUEU-09A-01R,TARGET-10-PATAYT-09A-01R,TARGET-10-PARTPW-09A-01R,TARGET-10-PASZIY-09A-01R,TARGET-10-PASZEW-09A-01R,TARGET-10-PASYSJ-09A-01R,TARGET-10-PARMKK-09A-01R,TARGET-10-PARMIH-09A-01R,TARGET-10-PARTLY-09A-01R,TARGET-10-PAPGFP-09A-02R,TARGET-10-PANKGK-09A-01R,TARGET-10-PANSBR-09A-01R,TARGET-10-PANSPW-09A-01R,TARGET-10-PAPEJN-09A-01R,TARGET-10-PAPTLM-09A-01R,TARGET-10-PASUBW-09A-01R,TARGET-10-PAMXHJ-09A-01R,TARGET-10-PAPAGK-09A-01R,TARGET-10-PATYMP-09A-01R,TARGET-10-PANWFB-09A-01R,TARGET-10-PAPZNK-09A-01R,TARGET-10-PANYZE-09A-01R,TARGET-10-PAPHGD-09A-01R,TARGET-10-PANTSM-09A-01R,TARGET-10-PANJWJ-09A-01R,TARGET-10-PAPZST-09A-01R,TARGET-10-PANYGB-09A-01R,TARGET-10-PARFLV-09A-01R,TARGET-10-PANSUL-09A-01R,TARGET-10-PAPDUF-09A-01R,TARGET-10-PANWHW-09A-01R,TARGET-10-PATZSL-09A-01R,TARGET-10-PATZFF-09A-01R,TARGET-10-PATYWV-09A-01R,TARGET-10-PATZVD-09A-01R,TARGET-10-PAPGYC-09A-01R,TARGET-10-PAPEFH-09A-01R,TARGET-10-PANUUF-09A-02R,TARGET-10-PAMXSP-09A-01R,TARGET-10-PAPBZK-09A-01R,TARGET-10-PANPJI-09A-01R,TARGET-10-PAPVTA-09A-01R,TARGET-10-PATZYC-09A-01R,TARGET-10-PAPDKJ-09A-01R,TARGET-10-PANWYH-09A-02R,TARGET-10-PAPJHB-09A-01R,TARGET-10-PAPSPN-09A-01R,TARGET-10-PANSHK-09A-01R,TARGET-10-PASHUI-09A-02R,TARGET-10-PARXMC-09A-01R,TARGET-10-PARMSP-09A-01R,TARGET-10-PAPLUG-09A-01R,TARGET-10-PAPLTZ-09A-01R,TARGET-10-PAPJIB-09A-01R,TARGET-10-PARVWD-09A-01R,TARGET-10-PAPMVB-09A-02R,TARGET-10-PAPHZT-09A-01R,TARGET-10-PARPNM-09A-01R,TARGET-10-PANKMB-09A-02R,TARGET-10-PANYEJ-09A-01R,TARGET-10-PANRYM-09A-01R,TARGET-10-PASKAY-09A-01R,TARGET-10-PANWHJ-09A-01R,TARGET-10-PAPKNC-09A-01R,TARGET-10-PAPRFE-09A-01R,TARGET-10-PARARJ-09A-01R,TARGET-10-PANUHA-09A-01R,TARGET-10-PAPAIZ-09A-01R,TARGET-10-PARUGP-09A-01R,TARGET-10-PAPBCI-09A-01R,TARGET-10-PANSDA-09A-02R,TARGET-10-PAPBFN-09A-01R,TARGET-10-PARJSR-09A-01R,TARGET-10-PAPDUV-09A-02R,TARGET-10-PAPRCS-09A-01R,TARGET-10-PAPIRZ-09A-01R,TARGET-10-PAPBSY-09A-01R,TARGET-10-PARAKF-09A-01R,TARGET-10-PAPECF-09A-01R,TARGET-10-PANWVW-09A-01R,TARGET-10-PANSXG-09A-02R,TARGET-10-PAMDRM-09A-01R,TARGET-10-PALJDL-09A-01R,TARGET-10-PAKYEP-03A-01R,TARGET-10-PAKVKK-03A-01R,TARGET-10-PAKKXB-03A-01R,TARGET-10-PAKKCA-03A-01R,TARGET-10-PAKTAL-03A-01R,TARGET-10-PARACA-09A-01R,TARGET-10-PAPJXI-09A-01R,TARGET-15-SJMPAL011912-09A-01R,TARGET-15-SJMPAL011913-09A-01R,TARGET-15-SJMPAL011915-09A-01R,TARGET-15-SJMPAL012417-09A-01R,TARGET-15-SJMPAL012418-09A-01R,TARGET-15-SJMPAL012420-09A-01R,TARGET-15-SJMPAL012422-09A-01R,TARGET-15-SJMPAL012425-09A-01R,TARGET-15-SJMPAL016340-09A-01R,TARGET-15-SJMPAL016342-09A-01R,TARGET-15-SJMPAL016344-09A-01R,TARGET-10-PARWRJ-09B-01R,TARGET-10-PARYAJ-09B-01R,TARGET-10-PASXFY-09B-01R,TARGET-10-PANTTZ-09B-01R,TARGET-10-PAPAXK-09B-01R,TARGET-10-PARLAF-09A-01R,TARGET-10-PASIZE-09B-01R,TARGET-10-PARZYX-09B-01R,TARGET-10-PARUNW-09B-01R,TARGET-10-PASTYT-09B-01R,TARGET-10-PARTJL-09A-02R,TARGET-10-PARFTR-09A-01R,TARGET-10-PANWEZ-09B-01R,TARGET-10-PASREU-09B-01R,TARGET-15-SJMPAL016343-09A-01R,TARGET-10-PANSFD-09A-01R,TARGET-10-PANNGL-09A-01R,TARGET-10-PANEHF-09A-01R,TARGET-10-PARMRF-09A-01R,TARGET-10-PARNBN-09A-01R,TARGET-10-PASKTG-09A-01R,TARGET-15-SJMPAL046470-09A-01R,TARGET-15-SJMPAL046472-09A-01R,TARGET-15-SJMPAL017973-09A-01R,TARGET-15-SJMPAL017977-09A-01R,TARGET-15-SJMPAL017978-09A-01R,TARGET-15-SJMPAL022667-09A-01R,TARGET-15-SJMPAL016447-09A-01R,TARGET-15-SJMPAL046471-09A-01R,TARGET-15-SJMPAL016448-09A-01R,TARGET-15-SJMPAL040034-09A-01R,TARGET-15-PAREAT-09B-01R,TARGET-15-SJMPAL040033-09A-01R,TARGET-15-SJMPAL040030-09A-01R,TARGET-15-SJMPAL040027-09A-01R,TARGET-15-SJMPAL040026-09A-01R,TARGET-15-SJMPAL040024-09A-01R,TARGET-15-SJMPAL040031-09A-01R,TARGET-10-PARSZH-09A-01R,TARGET-10-PAPCUR-09A-01R,TARGET-10-PAPEWB-09A-01R,TARGET-10-PARPRW-09A-01R,TARGET-10-PATEVE-09B-01R,TARGET-10-PASNJI-09B-01R,TARGET-10-PARUFL-09B-01R,TARGET-10-PASMGZ-09B-01R,TARGET-10-PAPFXN-09A-01R,TARGET-10-PARAPE-09B-01R,TARGET-10-PASEVJ-09B-01R,TARGET-10-PAPTAT-09B-01R,TARGET-10-PARBGL-09B-01R,TARGET-10-PASXZH-09B-01R,TARGET-10-PAPKNJ-09B-01R,TARGET-10-PARXCD-09B-01R,TARGET-10-PARSLL-09B-01R,TARGET-10-PAPHYN-09B-01R,TARGET-10-PAPRMM-09B-01R,TARGET-10-PASDYM-09B-01R,TARGET-10-PAPIJM-09A-01R,TARGET-10-PAPJHR-09A-01R,TARGET-10-PARJZZ-09A-01R,TARGET-10-PAPNMY-09A-01R,TARGET-10-PAPHMH-09A-02R,TARGET-10-PANATY-09B-01R,TARGET-10-PATAAH-09B-01R,TARGET-10-PASTSR-09B-01R,TARGET-10-PATCJJ-09B-01R,TARGET-10-PARTKL-09A-02R,TARGET-10-PARDWN-09B-01R,TARGET-10-PARJLA-09B-01R,TARGET-10-PANDBX-09B-01R,TARGET-10-PASILP-09B-01R,TARGET-10-PARUAT-09B-01R,TARGET-10-PANZPJ-09A-02R,TARGET-10-PAKHZT-03A-01R
Acute Myeloid Leukemia___all_cohorts	TARGET_141_samples	141	TARGET-20-PANLJN-09A-03R,TARGET-20-PANVGE-09A-02R,TARGET-20-PASSSI-09A-02R,TARGET-20-PANTPW-09A-02R,TARGET-20-PARZWH-09A-03R,TARGET-20-PASMGW-09A-01R,TARGET-20-PASHBI-09A-01R,TARGET-20-PATDNN-09A-03R,TARGET-20-PANINI-09A-03R,TARGET-20-PANDER-09A-02R,TARGET-20-PANPTM-09A-02R,TARGET-20-PASWPT-09A-01R,TARGET-20-PANTNA-09A-02R,TARGET-20-PARAJX-09A-02R,TARGET-20-PAMVKZ-09A-03R,TARGET-20-PARANT-09A-02R,TARGET-20-PARXNG-09A-01R,TARGET-20-PAEERJ-09A-01R,TARGET-20-PADYIR-09A-01R,TARGET-20-PANKKE-09A-03R,TARGET-20-PAKIWK-09A-01R,TARGET-20-PANSBH-09A-05R,TARGET-20-PARWDZ-09A-01R,TARGET-20-PANBZH-09A-03R,TARGET-20-PANWHP-09A-02R,TARGET-20-PANSJB-09A-03R,TARGET-20-PARFAL-09A-05R,TARGET-20-PASJTM-09A-01R,TARGET-20-PARPDS-09A-01R,TARGET-20-PASBHI-09A-01R,TARGET-20-PARBIU-09A-03R,TARGET-20-PARYGA-09A-03R,TARGET-20-PASGWH-09A-04R,TARGET-20-PASVVS-09A-03R,TARGET-20-PASIBG-09A-01R,TARGET-20-PARUNX-09A-04R,TARGET-20-PANDIX-09A-03R,TARGET-20-PATDHA-09A-01R,TARGET-20-PARCUK-09A-03R,TARGET-20-PASZLJ-09A-01R,TARGET-20-PANZKA-09A-02R,TARGET-20-PANKFZ-09A-04R,TARGET-20-PAKLPD-09A-02R,TARGET-20-PARMZF-09A-02R,TARGET-20-PARBFJ-09A-02R,TARGET-20-PANPKN-09A-03R,TARGET-20-PASWAT-09A-01R,TARGET-20-PASWAJ-09A-04R,TARGET-20-PAPVCN-09A-03R,TARGET-20-PANLKB-09A-03R,TARGET-20-PARBRA-09A-03R,TARGET-20-PARUTH-09A-04R,TARGET-20-PARPWL-09A-03R,TARGET-20-PAECCE-09A-01R,TARGET-20-PAKVGI-09A-01R,TARGET-20-PARUUB-09A-02R,TARGET-20-PALGKX-09A-03R,TARGET-20-PASWPD-09A-02R,TARGET-20-PANFMG-09A-04R,TARGET-20-PASPLU-09A-02R,TARGET-20-PANUTB-09A-05R,TARGET-20-PASTTW-09A-01R,TARGET-20-PAKERZ-09A-01R,TARGET-20-PANLXM-09A-03R,TARGET-20-PAEIKD-09A-01R,TARGET-20-PANLIZ-09A-03R,TARGET-20-PAPXRJ-09A-01R,TARGET-20-PASFEW-09A-05R,TARGET-20-PANGTF-09A-04R,TARGET-20-PAKTCX-09A-02R,TARGET-20-PANLLX-09A-01R,TARGET-20-PANLIR-09A-02R,TARGET-20-PAEFGR-09A-02R,TARGET-20-PARDDY-09A-05R,TARGET-20-PASPTM-09A-03R,TARGET-20-PAKIYW-09A-01R,TARGET-20-PARDMG-09A-03R,TARGET-20-PANHYK-09A-01R,TARGET-20-PANNHB-09A-03R,TARGET-20-PARENB-09A-03R,TARGET-20-PADZCG-09A-02R,TARGET-20-PARXMP-09A-02R,TARGET-20-PANGDN-09A-05R,TARGET-20-PARCZL-09A-02R,TARGET-20-PASXYG-09A-05R,TARGET-20-PASBPK-09A-02R,TARGET-20-PARXBT-09A-02R,TARGET-20-PARTAL-09A-02R,TARGET-20-PASPGA-09A-02R,TARGET-20-PARZUU-09A-04R,TARGET-20-PARKCX-09A-03R,TARGET-20-PAMYGX-09A-03R,TARGET-20-PARYVW-09A-01R,TARGET-21-PATAIJ-09A-01R,TARGET-21-PATHIU-09A-01R,TARGET-21-PATISD-09A-01R,TARGET-21-PATJMY-09A-01R,TARGET-21-PATKBK-41A-02R,TARGET-21-PATKKJ-41A-01R,TARGET-21-PATKWH-09A-01R,TARGET-20-PAEAKL-09A-03R,TARGET-20-PAPBEJ-09A-03R,TARGET-20-PAPXWI-09A-03R,TARGET-20-PASCFW-09A-01R,TARGET-20-PASVYA-09A-01R,TARGET-20-PASYJI-09A-03R,TARGET-21-PASVJS-41A-02R,TARGET-21-PASYEJ-09A-01R,TARGET-21-PASYWA-41A-01R,TARGET-21-PAMYMA-09A-02R,TARGET-21-PANVPB-09A-02R,TARGET-21-PANZLR-09A-03R,TARGET-20-PATJHJ-09A-01R,TARGET-21-PASTZK-09A-01R,TARGET-21-PARLSL-09A-02R,TARGET-21-PASSLT-41A-02R,TARGET-21-PASLZE-09A-01R,TARGET-21-PASFLG-41A-03R,TARGET-21-PASFJJ-09A-01R,TARGET-21-PASFHK-41A-01R,TARGET-21-PASDKZ-41A-03R,TARGET-21-PASNKZ-09A-01R,TARGET-20-PASVYL-09A-01R,TARGET-20-PAMYAS-09A-03R,TARGET-20-PAPAWN-09A-02R,TARGET-20-PAPWHS-09A-03R,TARGET-20-PARJCR-09A-01R,TARGET-20-PARHVK-09A-04R,TARGET-20-PARUWX-09A-02R,TARGET-20-PASHYZ-09A-03R,TARGET-20-PATIAK-09A-01R,TARGET-20-PASGMZ-09A-01R,TARGET-20-PASWLN-09A-01R,TARGET-20-PANGJY-09A-03R,TARGET-20-PANKNB-09A-03R,TARGET-20-PAPWIU-09A-03R,TARGET-20-PANUUA-09A-02R,TARGET-20-PANAEV-09A-03R,TARGET-20-PAPVZK-09A-03R,TARGET-20-PASPKE-09A-04R,TARGET-20-PAPWYK-09A-03R
Adenoma___all_cohorts	PBTA_3_samples	3	BS_D0BGESQF,BS_DY9NTFQR,BS_NDN62H0S
Atypical Teratoid Rhabdoid Tumor___all_cohorts	PBTA_24_samples	24	BS_B1HVNV0T,BS_90B22NGP,BS_9FHSNVS0,BS_GJNCYABP,BS_GAGRGSSX,BS_DHA5FMVW,BS_31TF0P1N,BS_1QNTEZPS,BS_15ETQ0E4,BS_6G6C7VPX,BS_850BAHH9,BS_4E1G7E3G,BS_WVW3W6ZB,BS_WV0S8N4M,BS_S71RJ8DH,BS_KXCY5BN5,BS_K25F4J3V,BS_MMNRZ1EQ,BS_J483EMFP,BS_MVW01FPB,BS_QX12J6W1,BS_N0877CX1,BS_PGHK1JRW,BS_P7EY9DXG
Chordoma___all_cohorts	PBTA_3_samples	3	BS_GFM6EA61,BS_67PX06P3,BS_P4D8Y3S8
Choroid plexus carcinoma___all_cohorts	PBTA_4_samples	4	BS_GSVCN2XC,BS_0VRSD9V3,BS_64HCD9K3,BS_W36RZSFA
Choroid plexus papilloma___all_cohorts	PBTA_14_samples	14	BS_B741RZY9,BS_AGS1HHGF,BS_8Q77HZ4R,BS_FEYMKEK8,BS_FAVRBEW7,BS_F6Z5HFWH,BS_0GDJQANN,BS_SES41DAX,BS_ZN8136D9,BS_Z85M2R3N,BS_KK5C8VCK,BS_JX449BF5,BS_NQFH3GZH,BS_PKK3BZRG
Clear cell sarcoma of the kidney___all_cohorts	TARGET_13_samples	13	TARGET-51-PAJMFS-01A-01R,TARGET-51-PAJLIV-01A-01R,TARGET-51-PAEALX-01A-01R,TARGET-51-PAJNCV-01A-01R,TARGET-51-PALLXV-01A-01R,TARGET-51-PALKEI-01A-01R,TARGET-51-PALFYG-01A-01R,TARGET-51-PALEIR-01A-01R,TARGET-51-PAKWMM-01A-01R,TARGET-51-PAJPFB-01A-01R,TARGET-51-PALFEF-01A-01R,TARGET-51-PAJLWU-01A-01R,TARGET-51-PAJMNM-01A-01R
CNS Embryonal tumor___all_cohorts	PBTA_8_samples	8	BS_8QB4S4VA,BS_D0RDN4K5,BS_6NRTJSYK,BS_7BW0YRPY,BS_ZQKGJD70,BS_ZQ76ZBEX,BS_KSKZ9J7J,BS_JGA9BP3A
Craniopharyngioma___all_cohorts	PBTA_28_samples	28	BS_B53Z0T1Q,BS_C3P5BC92,BS_BHR08WGW,BS_A7MC2KR2,BS_ABYF92Z9,BS_FRZ76GEG,BS_GMJBGBWB,BS_GMDQK06Q,BS_D5NQV7N5,BS_EMMF4PZX,BS_E054DFJN,BS_DRD9QXR5,BS_03FT4S8B,BS_1HFK0SXV,BS_78QX3XDF,BS_8D0NYM46,BS_7T1J3KET,BS_VNK9XYV9,BS_S6NJRR5W,BS_ZWR9W4FX,BS_YH05F9DB,BS_XHCYEE2S,BS_ZF34SJGN,BS_JX7S9MY7,BS_JCPKYHKY,BS_R7HZCZ8B,BS_NGY0TE6S,BS_PRR8K9GE
Diffuse intrinsic pontine glioma___all_cohorts	PBTA_4_samples	4	BS_B1C6GZ84,BS_FXJY0MNH,BS_30VC3R2Q,BS_W4DB5RP1
Diffuse midline glioma___all_cohorts	PBTA_59_samples	59	BS_C83TK159,BS_BMMY0H73,BS_8ZY4GST0,BS_FCDAH728,BS_EZ3147MX,BS_GWSJ4Z9H,BS_GW0GKWMS,BS_G3NN392N,BS_2JP7RBMB,BS_2A5R9MEJ,BS_0VXZCRJS,BS_0ZA67BBC,BS_6WP1FHTE,BS_68KX6A42,BS_6M2053M0,BS_4QW2S1Q8,BS_51RA1PGE,BS_49CJNZ06,BS_4B0BAVTX,BS_5VPM0F36,BS_5965SFPZ,BS_VF5XWFXD,BS_X4DD4KSZ,BS_T3DGY9J9,BS_XGDPK33A,BS_4KNBXM3C,BS_4C6B11E4,BS_3ZPJAK9A,BS_2HNXVFAS,BS_2853394H,BS_9FX3YREK,BS_ZVWE73JZ,BS_B57327NA,BS_TR2P8KRF,BS_PJC6FH4Y,BS_VKYEM67A,BS_E7NVYA6G,BS_CZPQ493E,BS_YDEVMD24,BS_XM1AHBDJ,BS_XZM79E42,BS_ZF6BSFNF,BS_XG0DBWVT,BS_Z3RCA1T9,BS_KABQQA0T,BS_MDBT7S5Z,BS_MB7WN0ZB,BS_H97S5SQN,BS_JQVAWTTM,BS_JB43XBCQ,BS_QNNX91SM,BS_RXN5T5YT,BS_RX1YTZ7F,BS_R9B92M75,BS_NGSG2KB6,BS_NEVYM2FP,BS_NR3P3GN2,BS_NB9XXBW6,BS_MWWZBQ60
Dysembryoplastic neuroepithelial tumor___all_cohorts	PBTA_19_samples	19	BS_AJ6X83G5,BS_FWMJPKCV,BS_CREQ97QC,BS_CQSAJ7BF,BS_CZ82ANWP,BS_264RCK7G,BS_273HKCT4,BS_3T6X4BPC,BS_6MY8W3H0,BS_W7FP2G3F,BS_VTJ9ESSV,BS_SM8VQFPD,BS_TDEFAPNH,BS_ZR96A4FH,BS_YNEQJ6AH,BS_KM2EX0K6,BS_KQ6ZW085,BS_KZPR01BD,BS_JXNZYGCR
Embryonal tumor with multilayer rosettes___all_cohorts	PBTA_4_samples	4	BS_37GTVG4N,BS_0HW7W7SD,BS_685DACMS,BS_QWNBZ9RJ
Ependymoma___all_cohorts	PBTA_69_samples	69	BS_AGTPCRR4,BS_C80S5N37,BS_BJDNWMJH,BS_C05FKR8X,BS_8RHPJ740,BS_8ZP3CBQA,BS_FTKPQ5FZ,BS_EVCAC3NH,BS_GV3NZ9QD,BS_G23JJAZY,BS_CZ3NA7KV,BS_CZ3ER8DY,BS_CXVJK2FY,BS_EK5PCKY0,BS_EMYET8F4,BS_E4F1D721,BS_3X9WMZGJ,BS_34201DKZ,BS_3F4FQJMR,BS_0QYS36NR,BS_0XEG6SNV,BS_0BXY0F9N,BS_07ANYSYQ,BS_196BBNEJ,BS_74G5K7JF,BS_6H1C1ME9,BS_7G42J2SK,BS_7BTZQKYY,BS_4T0HPZDC,BS_4SCWT0FX,BS_4NWHYH53,BS_4FZS7TX4,BS_W80TJC27,BS_VJ2S5DVS,BS_WYERXS4G,BS_X67GTEM6,BS_WFD0GE5X,BS_WRHDP7WF,BS_T1DVKKJB,BS_SAA624A4,BS_T4P3J13C,BS_SDCNP7MW,BS_TXY8QYWA,BS_V4W81SFC,BS_XF0ZX2B3,BS_TBWYAFSM,BS_TNRHHYNC,BS_XQYHPBFS,BS_KDSTG5YY,BS_KXMYBQ6N,BS_KBT7MQ6H,BS_MT15SGJN,BS_MA2T7ET1,BS_H4NXBD2D,BS_J8VX4D17,BS_JHGW42S6,BS_QP6MSKRE,BS_QXKRN6CR,BS_Q5WZYWCT,BS_RHD7XPNP,BS_RGPSEMHC,BS_RCFQ31XF,BS_NGHK9RZP,BS_N8J1DP02,BS_N5DVEJXT,BS_PJPGVD62,BS_PSW27ZTE,BS_PRAEF32W,BS_P78SMRBS
Ewing sarcoma___all_cohorts	PBTA_8_samples	8	BS_8S86CM61,BS_DBEX7AG2,BS_0448A413,BS_1N9XZXGE,BS_WJGFDRWK,BS_XZTV0J8W,BS_JFEZA9KE,BS_R4Y180DM
Ganglioglioma___all_cohorts	PBTA_36_samples	36	BS_B7X8VXQ3,BS_AKRHBPNZ,BS_AD4JPN9Q,BS_F4E8R9VY,BS_FAQQ0GCQ,BS_GTZCFGRZ,BS_DMZP9G1H,BS_ERJAJ0KA,BS_23W9EPFE,BS_27QE6BV7,BS_2AR3AP0N,BS_3PYESPHA,BS_3XY76V8T,BS_1NPD7PVG,BS_699TN5RN,BS_6NTXGQAC,BS_77CDMEY4,BS_7N0B2CY1,BS_55JW3HFM,BS_478TN841,BS_680K119G,BS_593HEWBF,BS_5JM573JC,BS_VMMJYN8Z,BS_WRQHPSXQ,BS_TG93XC55,BS_KPT2WPHW,BS_KVV7001W,BS_MF47B9ZW,BS_M4NVX721,BS_QV51J756,BS_QF5VVZX5,BS_RGSMX7QD,BS_RVSEDNJ4,BS_NT9NZYFD,BS_PQ7CQFYR
Germinoma___all_cohorts	PBTA_4_samples	4	BS_742RHK1M,BS_6HTK4YJP,BS_VXHWZJDC,BS_WSQMAA33
Glial-neuronal tumor NOS___all_cohorts	PBTA_6_samples	6	BS_ARFQ1WG3,BS_5PEFNDCY,BS_X9EGD530,BS_Z1A875MW,BS_KVAJYZ6F,BS_QB7YGKN1
High-grade glioma/astrocytoma___all_cohorts	PBTA_79_samples	79	BS_AWH9757B,BS_C41DJZ1F,BS_BYCX6VK1,BS_8PNA0V6R,BS_9XVACXP0,BS_FEV5A0HN,BS_FN07P04C,BS_F0JB4EAK,BS_GG9W3J9Y,BS_FYRDYBMZ,BS_FX2P2WEG,BS_DS438CXE,BS_2EN3X6HB,BS_29X4ZX6Q,BS_3MS8WVNR,BS_399RPKC9,BS_3AC3SRWH,BS_052PZFMK,BS_0C7VZC0A,BS_45J79YTF,BS_7327SDAQ,BS_84XCR9GG,BS_4PWDGEB0,BS_52MPKTJH,BS_52C576HH,BS_5P1TN10Z,BS_PQVTB6BB,BS_W9N9844Q,BS_W7MFJZ5A,BS_X4X1SFSE,BS_SNVM7CZT,BS_SD8YBRBR,BS_SHJA4MR0,BS_TXZ7KHTQ,BS_V3Z3DB4N,BS_TGS109T3,BS_9TXEDSWB,BS_8ZE4Z9G5,BS_00FD2KMP,BS_B4R7X1KE,BS_TVH33J9Q,BS_T9A8JJW5,BS_SY3J3XR9,BS_RJC3WDD6,BS_YA0KMBRT,BS_WQ1YRTAT,BS_WBVSK3MP,BS_MG78HQDM,BS_G5NHSFD4,BS_FKASA3MN,BS_F9Y4Z92G,BS_F21R36MM,BS_ECNBQ2RA,BS_D6J2BGDJ,BS_H9JYKFTV,BS_MD0937XT,BS_M0XGZ53Z,BS_KRS4EV4X,BS_KKDTW11T,BS_JTWNJ8T7,BS_JQXHHK0K,BS_JJVH7WR0,BS_J9CBGP57,BS_HRJ9145M,BS_YEW22W35,BS_Z8YZ6QGS,BS_Z8F3GM85,BS_ZD5HN296,BS_KP735TJ6,BS_KBEX4RT2,BS_M0QYNVK8,BS_K17VQECG,BS_HE0WJRW6,BS_JVW2JJ39,BS_R5SNFB5B,BS_R7NTZR4C,BS_NPA6CZQF,BS_PXCPK5XS,BS_PS0P3QJ3
Langerhans Cell histiocytosis___all_cohorts	PBTA_4_samples	4	BS_9E7YVFJM,BS_0SPCTBZY,BS_MGAMKKBD,BS_JWCX8R17
Low-grade glioma/astrocytoma___all_cohorts	PBTA_197_samples	197	BS_B3M5SGPA,BS_B0SVFK4P,BS_B7GEH89C,BS_B6M763JS,BS_AG3D3435,BS_AVYNZHSB,BS_ARBQDTT5,BS_AP0SZ364,BS_C7A2TYAC,BS_C51RB0YR,BS_CGB2WS2A,BS_CB6VK7PB,BS_BN986DF6,BS_BKQZ550R,BS_BC936YNZ,BS_BPSTSCBJ,BS_94MT16N2,BS_9BJARSX3,BS_9755PSCS,BS_8J3B6ZB6,BS_8Z3SCKB5,BS_8VAZSJEN,BS_A46RDWGM,BS_A1VEGWTR,BS_A13BMEF5,BS_9F09XV62,BS_9SJWWYQ4,BS_9RT63JD9,BS_9Q6Z6VJC,BS_9P9MB8X8,BS_FJWZ3M7V,BS_EYYMKWB7,BS_EYSS0ZDS,BS_EXYHZ6D4,BS_F8N6CFQE,BS_GHNJ4CYC,BS_GPEGRCCT,BS_GR46VD0Q,BS_G5QBBHDV,BS_GCA4GET3,BS_G7AGNB5G,BS_DEHJF4C7,BS_D3YBV7KB,BS_CVGFNCBJ,BS_CTR5X93B,BS_EHVYJAVA,BS_EFEZB0ZH,BS_EBMCTR80,BS_ET8CJXSF,BS_DV86M0Y7,BS_DSS3S5XD,BS_DPF1CX0G,BS_E4QK839R,BS_E3EJHXQV,BS_E1CGF3KV,BS_2R9TCR03,BS_2KJ2YAZR,BS_2YCJV2VV,BS_2WPQ8YCW,BS_2EMW8ZG3,BS_25T139TX,BS_258RRGDM,BS_24AHZ9ZW,BS_21RE8W46,BS_3W07B2TG,BS_3Q0GTSYH,BS_3P20Q2C3,BS_42Y3YANN,BS_42DY6WS7,BS_401R3KV0,BS_3G3KWY18,BS_1ZVXF5FE,BS_0SCXXM6N,BS_0J9SHHSC,BS_0T17SY47,BS_0Y66ZBWE,BS_0X9EGHY2,BS_0WVJYM9R,BS_014EVM2D,BS_063ERW0R,BS_1JDG6JV5,BS_1G3WYEN3,BS_17WYVEEC,BS_6N3AFF66,BS_775HDFNY,BS_68BW2163,BS_7H4RFCW9,BS_7XRN3CFX,BS_7Z93ZYMS,BS_7P83Z28P,BS_4Y6BCYK5,BS_4Z2F4P9N,BS_53GQKVEX,BS_52DAPP1Y,BS_52426AMF,BS_4NF35AF6,BS_4A45GGSW,BS_49852ZBH,BS_470DYRJQ,BS_4BWB0FA0,BS_4C4MZ4NT,BS_4HQ3T2NC,BS_4EN8D8Y4,BS_55P8HPYD,BS_5YJEPPTP,BS_66HQ3E4Z,BS_66ABA973,BS_5PV5N4HQ,BS_5NWDARXG,BS_GYXSDZ56,BS_W4HGV6E7,BS_VP3C8WZT,BS_X59HSFGG,BS_X0F9AYEC,BS_X91K8KMG,BS_WCRKYV0T,BS_SXRS2P6T,BS_T4JFN54G,BS_T3H5AY8A,BS_T2QPMZCM,BS_T1W4JA94,BS_T0RKFEKR,BS_S7CZY2CH,BS_SHMC4902,BS_SFKZSJN1,BS_SDZY6RZ3,BS_SDA4RMMG,BS_T55Y4Z0Y,BS_V89HGTET,BS_V72GX2AZ,BS_ZTWGFWTX,BS_ZRM0W01M,BS_ZZMYDZJW,BS_ZVZDDW2G,BS_ZVX2GRD6,BS_Y7F9E2E9,BS_YG0A13JH,BS_YEQVW4ND,BS_YCREDZTJ,BS_Y0PCBNJV,BS_XKKB4MZV,BS_XGSA3GQE,BS_Z7Y2466H,BS_Z6BWR941,BS_YVMEEBKC,BS_Z0AVVB1V,BS_YZ2Z1Q6Y,BS_YY5B2XDD,BS_S50KQEXV,BS_K7MVS0Z7,BS_K5802F84,BS_KEA474HN,BS_MF9X3PKH,BS_ME3HKN2C,BS_MBSTWZA6,BS_M8WP5T16,BS_M8M56Z4Y,BS_M4TTKPNR,BS_HV8PFRBR,BS_HSHN8PBB,BS_HQ5BJ6MW,BS_HX0S30NE,BS_H3FE3TH9,BS_H8A9PSYA,BS_HC5M8JTC,BS_J6VKB1VE,BS_JMHG7GCN,BS_JKXA3FQC,BS_JVA2NQFF,BS_JWSR581E,BS_JH29M4KG,BS_JG9JZTA9,BS_QTSXW7DA,BS_QH82PBMB,BS_Q79NP5YY,BS_Q3TBCK4V,BS_QC3XCE6X,BS_RRAEQZ97,BS_RWJZFTP9,BS_S1KK7XRH,BS_R244Z0WX,BS_R13X6TMW,BS_R634WKN7,BS_NS7GSHB9,BS_NRFQEQKP,BS_NQB91P48,BS_NPQJ20KX,BS_N210XMKR,BS_N1E0H8YQ,BS_MY9D8XZ1,BS_NB5XWMJT,BS_N6NE6B3W,BS_N5B2CZMH,BS_PN2CE34A,BS_PEP9NZXN,BS_NYS8TRCB,BS_X16PENSA
Medulloblastoma___all_cohorts	PBTA_105_samples	105	BS_BA6AZWB3,BS_AHEFXG7W,BS_AM70R8RG,BS_AMZ70B6F,BS_CHDGRYHJ,BS_BPWEFR89,BS_BVSW4GTG,BS_BSV07M7Z,BS_8T7DZV2F,BS_A14Z8BBK,BS_A87NPZAP,BS_9V633J1X,BS_9NZ2D6AD,BS_9NJHQE9F,BS_9M5XJ10G,BS_9PB3XH5D,BS_FKDQJJB5,BS_GNV89A5P,BS_G00FHF3Q,BS_DFWFBYSN,BS_D144EJRQ,BS_EFE4YEK3,BS_ERWT0ZWE,BS_E3BAT4C1,BS_2SFTWNVE,BS_2Z1MKS84,BS_3NWQXPQV,BS_3MYEMXPQ,BS_44A3ES23,BS_3F5PR9GS,BS_1TWCV047,BS_1AYRM596,BS_1BWP5MCT,BS_77317DY4,BS_81SP2HX4,BS_7FWZ518S,BS_7C40TRCY,BS_7XQRH69M,BS_4W68NV3M,BS_4PH1MBGR,BS_4CP4T22V,BS_4D9DD103,BS_5VQP0E6K,BS_61E80SD6,BS_5PJCHF6V,BS_W311713R,BS_W9AT0MR7,BS_VMEX27TN,BS_VJVDJABP,BS_VVFBW0YH,BS_VT6C6N6K,BS_VPBMDMQX,BS_WH5HDE0A,BS_VA5T4KAA,BS_SKGJ5SY9,BS_TYAYZ9ZW,BS_TW8DQH8J,BS_TZVFR600,BS_V9HVBBDW,BS_V72H4RQS,BS_TA9WP4TH,BS_TE0GVDNG,BS_ZV68CES9,BS_ZXYDSBM9,BS_YETBN0RQ,BS_YEB88D32,BS_Z7PKVY9J,BS_Z45HD492,BS_KN92S7YQ,BS_KVNGNETA,BS_K74PZET7,BS_K3ER45RV,BS_K81DR8XG,BS_M15PW2N0,BS_KYF0Q0E7,BS_M84H3KXA,BS_HTEPAKCM,BS_HKZENFDA,BS_J1AB8PMA,BS_HZRM07TW,BS_HZE3KYZ1,BS_H4B5Y6S0,BS_HHPA8NJ2,BS_HF3RNN2T,BS_HE57E1RP,BS_HD4EJYE3,BS_HB03GSHF,BS_JZRM1S3T,BS_JTMXAMB7,BS_JT82QGXF,BS_J8G4SH4Z,BS_J71N7D09,BS_JFB984RG,BS_QRDT19KS,BS_QPPPGYP4,BS_RSRPX3S8,BS_S1M423AB,BS_RD4D5F9F,BS_R439VVPK,BS_R6WNEEE4,BS_RCC8BXVE,BS_NKRYMHEP,BS_NKEAAFMW,BS_N4B1SZZH,BS_NZ71XCG3
Meningioma___all_cohorts	PBTA_14_samples	14	BS_E2Z940S4,BS_23M72ABG,BS_398KYV92,BS_3DCBDJAT,BS_6YMJ621P,BS_70FFPA51,BS_5AF6ZNJF,BS_THSPSG2Z,BS_K2FHZGTK,BS_KF0ZXDER,BS_M026T44Q,BS_JGPR9SR2,BS_QW60M0FE,BS_Q2T9ZRM0
Metastatic secondary tumors___all_cohorts	PBTA_3_samples	3	BS_XBQZYS8G,BS_QNAQGAV6,BS_NJ4WPQVK
Neuroblastoma___all_cohorts	GMKF_203_samples&TARGET_144_samples	347	BS_WHBM0N3Y,BS_EE5Z0Z4J,BS_RZEEJETF,BS_135GYQQD,BS_VNKT3ZZS,BS_YG0W2BBN,BS_5Y7PNW71,BS_SZ3EJPGV,BS_HBMHZEGZ,BS_70H191SN,BS_ZKQXXTG9,BS_KG9X0NFD,BS_EMBK3HHP,BS_QM9CBE54,BS_KHW6ASK4,BS_6DXDS5EE,BS_KV05J5BX,BS_R232Y3SW,BS_82Q78622,BS_FJAQ3KAX,BS_8EG9GQZS,BS_PRF6XPXV,BS_NZDEF29S,BS_323GG6M7,BS_48YZKWC2,BS_5Y98E084,BS_MBNSCVMH,BS_NC4PWRVP,BS_2RFA5NWH,BS_XME1VS17,BS_591ZWG14,BS_TT20NP68,BS_TGDZ491N,BS_GR7694W1,BS_896YFFGE,BS_GB1XPW06,BS_KF4AR0FG,BS_T7MWWC0A,BS_QCDCAX7G,BS_FC37XAZK,BS_YBD5FS1Q,BS_VR7XMQZ3,BS_B2BWSTJV,BS_ZGKT8MMX,BS_H9BW7Y9C,BS_CCV91DR0,BS_WKVJJF3F,BS_YA56YE71,BS_CN3256VE,BS_63ACHY8K,BS_94JMQ7MX,BS_X3F8NMS4,BS_ZFJS669M,BS_H4TFY19Z,BS_02X4QTNE,BS_P10Y42BX,BS_VV8GRGZ6,BS_STTGK8V4,BS_J9EH31NM,BS_K59AGJKW,BS_FXDGYFBR,BS_78A01TS9,BS_SM1QE9FJ,BS_HEJAPS03,BS_YMWFA93F,BS_0JBZPAGN,BS_S4WH99C9,BS_DHWN3X5S,BS_BW9QBKEQ,BS_0D3SCV7P,BS_8MYS5HP4,BS_6YYC47K2,BS_MEN59ZX5,BS_HHNQ3N2V,BS_8V59CEJJ,BS_0YPDAAE8,BS_83RF7CY6,BS_Z36F6GKX,BS_A9FNKG9K,BS_8GD69HHF,BS_NPG879ST,BS_10MQQC5C,BS_HP8EEDS6,BS_NKGRBE18,BS_KBXSSXWF,BS_DHXNWXP6,BS_C84NQED0,BS_AND83V3S,BS_NN42N0XB,BS_3D1XTG0K,BS_WFCVBVDS,BS_WKC3GR0D,BS_DERH44Z2,BS_NJSZSZX5,BS_8NQWYZHR,BS_AYDD070S,BS_S0SM38BZ,BS_S32M2YTY,BS_MG1N76FY,BS_MH01GQ2B,BS_E359X3QV,BS_KYGRX01W,BS_QJ3XB7XZ,BS_F2F7BXT5,BS_JFJYEHFM,BS_MY7JYHVH,BS_Y2DSNJ1E,BS_9BYP1GZS,BS_ETC8R0TD,BS_NR090DDV,BS_2480EHNY,BS_8EX2H96N,BS_JBKQ59CW,BS_CZMY8CVE,BS_3GRJH3PS,BS_XFFQR05Z,BS_4A1CKAXN,BS_YF5NCTGA,BS_BBD7XS5N,BS_JWXQFZY9,BS_MYNJDVWV,BS_3DJBSNGE,BS_NQP7B1SY,BS_GTFHNG3R,BS_F9ZXCH60,BS_5W25GMQ1,BS_M462FWS9,BS_Z3BZ01S1,BS_FRY5NFRY,BS_XPTREBJD,BS_HEKMP7BH,BS_CXGWN1W5,BS_EPZ2H50J,BS_CD6WEHG9,BS_XZQE9FBM,BS_9JBYGRQW,BS_EZRVK9ZQ,BS_XHSRBERM,BS_3CTRC269,BS_A70FPYSH,BS_T4KS08ND,BS_8T0AKNMJ,BS_MGHRCZEV,BS_RW0JJ9BQ,BS_2XTH5QRD,BS_MDEQHB6J,BS_4JVC08W2,BS_HA1N9VCX,BS_XJDB3R9K,BS_GMH5C45K,BS_S01DMJ5X,BS_FE3BY6DT,BS_FHNTKFVJ,BS_GWN2F333,BS_6Y5F3QGV,BS_94ZKC2SR,BS_3CSY3JTN,BS_A3198WFE,BS_WKPG4MH1,BS_H5RWQDCJ,BS_KC02E200,BS_59ZF7365,BS_ZWRZRC4V,BS_5Z1QJPG6,BS_HW9CGZ29,BS_3V34S6KM,BS_QS2NKZW3,BS_6WBAV14H,BS_S0B4WASX,BS_S5KDWVEA,BS_ERHKS2Y7,BS_NPVE58AT,BS_EXEE6TDK,BS_9C595Y9M,BS_DBXCETW2,BS_3N0ZS3G3,BS_CZ7DWCPE,BS_YZJ5YQ12,BS_0SC4QNTM,BS_JY850J9G,BS_28ZRHXX8,BS_15ED4VDX,BS_2Y28PRQC,BS_EF8F5GH8,BS_9R8GFR36,BS_97SKFHM4,BS_REGK1PS6,BS_AFRGW493,BS_MAJ800Q0,BS_N13KZYRR,BS_8VPBB5C2,BS_WR5VE59B,BS_W3ZSVEVP,BS_W5X4568N,BS_Z0MTZA9K,BS_6N7RPHX9,BS_WHX83JW2,BS_3KGHX57D,BS_43R2B7DR,BS_A2HY1DZA,BS_6GSJCDCN,BS_BG0ZDND2,BS_19PXZ71B,TARGET-30-PALWVJ-01A-01R,TARGET-30-PATESI-01A-01R,TARGET-30-PATFCY-01A-01R,TARGET-30-PATFXV-01A-01R,TARGET-30-PATGLU-01A-01R,TARGET-30-PATHVK-01A-01R,TARGET-30-PATINJ-01A-01R,TARGET-30-PANXJL-01A-01R,TARGET-30-PAPLSD-01A-01R,TARGET-30-PAPTFZ-01A-01R,TARGET-30-PAPTLV-01A-01R,TARGET-30-PATGJU-01A-01R,TARGET-30-PATHKB-01A-01R,TARGET-30-PASGAP-01A-01R,TARGET-30-PAISNS-01A-01R,TARGET-30-PASNEF-01A-01R,TARGET-30-PASSRN-01A-01R,TARGET-30-PALIIN-01A-01R,TARGET-30-PATEPF-01A-01R,TARGET-30-PATDXC-01A-01R,TARGET-30-PATCFL-01A-01R,TARGET-30-PASWIJ-01A-01R,TARGET-30-PATEKG-01A-01R,TARGET-30-PATDWN-01A-01R,TARGET-30-PALETP-01A-01R,TARGET-30-PALKUC-01A-01R,TARGET-30-PAPTDH-01A-01R,TARGET-30-PARFRE-01A-01R,TARGET-30-PARJVP-01A-01R,TARGET-30-PARNNC-01A-01R,TARGET-30-PARZHA-01A-01R,TARGET-30-PASCFC-01A-01R,TARGET-30-PASCTR-01A-01R,TARGET-30-PAPICY-01A-01R,TARGET-30-PASFIC-01A-01R,TARGET-30-PASZPI-01A-01R,TARGET-30-PASXRJ-01A-01R,TARGET-30-PAPVRN-01A-01R,TARGET-30-PAKZRH-01A-01R,TARGET-30-PANZRV-01A-01R,TARGET-30-PATDXG-01A-01R,TARGET-30-PASJZC-01A-01R,TARGET-30-PASUML-01A-01R,TARGET-30-PASSWW-01A-01R,TARGET-30-PASPBZ-01A-01R,TARGET-30-PASNML-01A-01R,TARGET-30-PASMDM-01A-01R,TARGET-30-PATAYJ-01A-01R,TARGET-30-PALBFW-01A-01R,TARGET-30-PANNMS-01A-01R,TARGET-30-PALNVP-01A-01R,TARGET-30-PAMNLH-01A-01R,TARGET-30-PARACM-01A-01R,TARGET-30-PANRRW-01A-01R,TARGET-30-PAMYCE-01A-01R,TARGET-30-PANLET-01A-01R,TARGET-30-PALTEG-01A-01R,TARGET-30-PAPEFE-01A-01R,TARGET-30-PALVKK-01A-01R,TARGET-30-PASWVY-01A-01R,TARGET-30-PALUYS-01A-01R,TARGET-30-PAMBMJ-01A-01R,TARGET-30-PALZZV-01A-01R,TARGET-30-PAMEZH-01A-01R,TARGET-30-PAMMXF-01A-01R,TARGET-30-PAMVRA-01A-01R,TARGET-30-PAMZMG-01A-01R,TARGET-30-PANBSP-01A-01R,TARGET-30-PANYGR-01A-01R,TARGET-30-PARZIP-01A-01R,TARGET-30-PARYNK-01A-01R,TARGET-30-PARVLK-01A-01R,TARGET-30-PASVRU-01A-01R,TARGET-30-PANUIF-01A-01R,TARGET-30-PANBJH-01A-01R,TARGET-30-PAPZYP-01A-01R,TARGET-30-PANRVJ-01A-01R,TARGET-30-PAITCI-01A-01R,TARGET-30-PAKYZS-01A-01R,TARGET-30-PAITEG-01A-01R,TARGET-30-PAIVHE-01A-01R,TARGET-30-PAPKWN-01A-01R,TARGET-30-PAPBGH-01A-01R,TARGET-30-PALCBW-01A-01R,TARGET-30-PAPUNH-01A-01R,TARGET-30-PAPUEB-01A-01R,TARGET-30-PANRHJ-01A-01R,TARGET-30-PASXIE-01A-01R,TARGET-30-PASWYR-01A-01R,TARGET-30-PASYPX-01A-01R,TARGET-30-PATYIL-01A-01R,TARGET-30-PASNPG-01A-01R,TARGET-30-PASHFA-01A-01R,TARGET-30-PARBAJ-01A-01R,TARGET-30-PARHAM-01A-01R,TARGET-30-PASEGA-01A-01R,TARGET-30-PALEVG-01A-01R,TARGET-30-PAIPGU-01A-01R,TARGET-30-PAPHPE-01A-01R,TARGET-30-PANBMJ-01A-01R,TARGET-30-PAPBZI-01A-01R,TARGET-30-PANZVU-01A-01R,TARGET-30-PAUDDK-01A-01R,TARGET-30-PANZPV-01A-01R,TARGET-30-PANJLH-01A-01R,TARGET-30-PANGXK-01A-01R,TARGET-30-PAMZGT-01A-01R,TARGET-30-PASWFB-01A-01R,TARGET-30-PASXGP-01A-01R,TARGET-30-PANKFE-01A-01R,TARGET-30-PASFGG-01A-01R,TARGET-30-PALXTB-01A-01R,TARGET-30-PASMJG-01A-01R,TARGET-30-PASGUT-01A-01R,TARGET-30-PARDCK-01A-01R,TARGET-30-PASTCN-01A-01R,TARGET-30-PASTKC-01A-01R,TARGET-30-PASUYG-01A-01R,TARGET-30-PASPER-01A-01R,TARGET-30-PASUCB-01A-01R,TARGET-30-PANSBN-01A-01R,TARGET-30-PASSRS-01A-01R,TARGET-30-PARSBI-01A-01R,TARGET-30-PASRFS-01A-01R,TARGET-30-PASNZU-01A-01R,TARGET-30-PAPKXS-01A-01R,TARGET-30-PARKGJ-01A-01R,TARGET-30-PAPBJE-01A-01R,TARGET-30-PAPCTS-01A-01R,TARGET-30-PAIFXV-01A-01R,TARGET-30-PARBGP-01A-01R,TARGET-30-PAPTAN-01A-01R,TARGET-30-PARDIW-01A-01R,TARGET-30-PASMNT-01A-01R,TARGET-30-PARAMT-01A-01R,TARGET-30-PARACS-01A-01R,TARGET-30-PANWRR-01A-01R,TARGET-30-PAPZYZ-01A-01R,TARGET-30-PAPVXS-01A-01R,TARGET-30-PAPVFD-01A-01R,TARGET-30-PAPUWY-01A-01R,TARGET-30-PARFWB-01A-01R,TARGET-30-PAPTCR-01A-01R,TARGET-30-PARGKK-01A-01R
Neurofibroma/Plexiform___all_cohorts	PBTA_9_samples	9	BS_FRM9TG02,BS_ENKG5GF3,BS_2W3NC4K1,BS_0RF0EZTV,BS_893A91ZM,BS_49VCQD19,BS_TQ5QHR17,BS_Z28VKGNS,BS_NDRDM2A9
Osteosarcoma___all_cohorts	TARGET_87_samples	87	TARGET-40-PATUXZ-01A-01R,TARGET-40-PATMXR-01A-01R,TARGET-40-PATPBS-01A-01R,TARGET-40-PAUYTT-01A-01R,TARGET-40-PAUXPZ-01A-01R,TARGET-40-PAUVUL-01A-01R,TARGET-40-PAUUML-01A-01R,TARGET-40-PAUTYB-01A-01R,TARGET-40-PAUTWB-01A-01R,TARGET-40-PAUBIT-01A-01R,TARGET-40-0A4I42-01A-01R,TARGET-40-0A4I48-01A-01R,TARGET-40-PAMHLF-01A-01R,TARGET-40-PAMHYN-01A-01R,TARGET-40-PAMJXS-01A-01R,TARGET-40-PAMLKS-01A-01R,TARGET-40-PARGTM-01A-01R,TARGET-40-PARJXU-01A-01R,TARGET-40-PARKAF-01A-01R,TARGET-40-PASEBY-01A-01R,TARGET-40-PASEFS-01A-01R,TARGET-40-PASFCV-01A-01R,TARGET-40-PASKZZ-01A-01R,TARGET-40-PASNZV-01A-01R,TARGET-40-PASRNE-01A-01R,TARGET-40-PASSLM-01A-01R,TARGET-40-PASUUH-01A-01R,TARGET-40-PANGPE-01A-01R,TARGET-40-PAMYYJ-01A-01R,TARGET-40-PAMTCM-01A-01R,TARGET-40-PAMRHD-01A-01R,TARGET-40-PAPXGT-01A-01R,TARGET-40-PARDAX-01A-01R,TARGET-40-0A4I3S-01A-01R,TARGET-40-PATMIF-01A-01R,TARGET-40-PATKSS-01A-01R,TARGET-40-PATJVI-01A-01R,TARGET-40-PATEEM-01A-01R,TARGET-40-PATAWV-01A-01R,TARGET-40-PASYUK-01A-01R,TARGET-40-PARFTG-01A-01R,TARGET-40-PANGRW-01A-01R,TARGET-40-0A4I0W-01A-01R,TARGET-40-0A4HY5-01A-01R,TARGET-40-0A4I65-01A-01R,TARGET-40-0A4I6O-01A-01R,TARGET-40-0A4I8U-01A-01R,TARGET-40-0A4I9K-01A-01R,TARGET-40-PAKFVX-01A-01R,TARGET-40-PAKUZU-01A-01R,TARGET-40-PAKXLD-01A-01R,TARGET-40-0A4I5B-01A-01R,TARGET-40-PAKZZK-01A-01R,TARGET-40-PALFYN-01A-01R,TARGET-40-PALHRL-01A-01R,TARGET-40-PALKDP-01A-01R,TARGET-40-PALKGN-01A-01R,TARGET-40-PALWWX-01A-01R,TARGET-40-PALZGU-01A-01R,TARGET-40-PAMEKS-01A-01R,TARGET-40-PALECC-01A-01R,TARGET-40-0A4HXS-01A-01R,TARGET-40-0A4HX8-01A-01R,TARGET-40-0A4HMC-01A-01R,TARGET-40-0A4HLD-01A-01R,TARGET-40-0A4I0Q-01A-01R,TARGET-40-0A4I4E-01A-01R,TARGET-40-0A4I4M-01A-01R,TARGET-40-0A4I4O-01A-01R,TARGET-40-PANMIG-01A-01R,TARGET-40-PANPUM-01A-01R,TARGET-40-PANSEN-01A-01R,TARGET-40-PATMPU-01A-01R,TARGET-40-PARBGW-01A-01R,TARGET-40-PAPWWC-01A-01R,TARGET-40-PAPNVD-01A-01R,TARGET-40-PAPIJR-01A-01R,TARGET-40-PAPFLB-01A-01R,TARGET-40-PANZZJ-01A-01R,TARGET-40-PANZHX-01A-01R,TARGET-40-PANXSC-01A-01R,TARGET-40-PANVJJ-01A-01R,TARGET-40-PAPKWD-01A-01R,TARGET-40-PAVALD-01A-01R,TARGET-40-PAVCLP-01A-01R,TARGET-40-PAVECB-01A-01R,TARGET-40-PAVDTY-01A-01R
Pineoblastoma___all_cohorts	PBTA_4_samples	4	BS_CYEY58NY,BS_3NNQ6PSB,BS_7ZV3DPGT,BS_WMEHNDSK
Rhabdoid tumor___all_cohorts	TARGET_64_samples	64	TARGET-52-PARECB-01A-01R,TARGET-52-PATENH-01A-01R,TARGET-52-PARUGK-01A-01R,TARGET-52-PARRCL-01A-01R,TARGET-52-PAUHAZ-01A-01R,TARGET-52-PAUNPA-01A-01R,TARGET-52-PATBLF-01A-01R,TARGET-52-PAJLWM-01A-01R,TARGET-52-PARZBI-01A-02R,TARGET-52-PASADZ-01A-01R,TARGET-52-PATDVL-01A-01R,TARGET-52-PASDLA-01A-01R,TARGET-52-PARPFY-01A-01R,TARGET-52-PAUGYZ-01A-01R,TARGET-52-PASVDP-01A-01R,TARGET-52-PASRHU-01A-02R,TARGET-52-PAJPHJ-01A-01R,TARGET-52-PAREWI-01A-02R,TARGET-52-PAEHIP-01A-01R,TARGET-52-PASGCL-01A-02R,TARGET-52-PARZRH-01A-02R,TARGET-52-PARKKN-01A-01R,TARGET-52-PADYCE-01A-01R,TARGET-52-PAKPEW-01A-01R,TARGET-52-PADWRZ-01A-01R,TARGET-52-PAWFWK-01A-01R,TARGET-52-PASXGF-01A-01R,TARGET-52-PASGGN-01A-01R,TARGET-52-PASILR-01A-01R,TARGET-52-PAVITI-01A-01R,TARGET-52-PAJLRA-01A-01R,TARGET-52-PAJMBW-01A-01R,TARGET-52-PASAMZ-01A-01R,TARGET-52-PASNED-01A-01R,TARGET-52-PATFXW-01A-01R,TARGET-52-PARGRN-01A-01R,TARGET-52-PASWZZ-01A-01R,TARGET-52-PAJMRB-01A-01R,TARGET-52-PADYZI-01A-01R,TARGET-52-PAUEKW-01A-01R,TARGET-52-PAUDPV-01A-01R,TARGET-52-PAUCGJ-01A-01R,TARGET-52-PATXKA-01A-01R,TARGET-52-PATXEE-01A-01R,TARGET-52-PATFZZ-01A-01R,TARGET-52-PASZYE-01A-01R,TARGET-52-PASXNA-01A-01R,TARGET-52-PASCDH-01A-01R,TARGET-52-PARIRN-01A-01R,TARGET-52-PAKHTL-01A-01R,TARGET-52-PAJNFZ-01A-01R,TARGET-52-PAJNFP-01A-01R,TARGET-52-PAJNER-01A-01R,TARGET-52-PASABD-01A-01R,TARGET-52-PAUFVP-01A-01R,TARGET-52-PASYNF-01A-01R,TARGET-52-PATAFT-01A-01R,TARGET-52-PAVDPR-01A-01R,TARGET-52-PAKTCT-01A-01R,TARGET-52-PARTKH-01A-01R,TARGET-52-PAVCKS-01A-01R,TARGET-52-PAKLYZ-01A-01R,TARGET-52-PAVVIT-01A-01R,TARGET-52-PAWFBL-01A-01R
Sarcoma___all_cohorts	PBTA_3_samples	3	BS_AZN38B7V,BS_9GJ23RHH,BS_1XJ73KBQ
Schwannoma___all_cohorts	PBTA_13_samples	13	BS_BXXJ9P8C,BS_8J09S6MZ,BS_D5P6EZ1M,BS_CQEETJ66,BS_2HN96129,BS_1SVVER1H,BS_479S95Q6,BS_VJAC9H58,BS_TYKJ8G2G,BS_M9C4RY4P,BS_H3Y8FWHV,BS_HBJZR69P,BS_NR9FRY5T
Subependymal Giant Cell Astrocytoma___all_cohorts	PBTA_3_samples	3	BS_29CPJ040,BS_3TQSE8HF,BS_3EVSN5QD
Teratoma___all_cohorts	PBTA_4_samples	4	BS_A89VAPVV,BS_29006KEX,BS_3KASVCSQ,BS_46BZ2NNN
Wilms tumor___all_cohorts	TARGET_124_samples	124	TARGET-50-PAJNZU-01A-01R,TARGET-50-PAJMFU-01A-01R,TARGET-50-PAJMXF-01A-01R,TARGET-50-PAJNSL-01A-01R,TARGET-50-PAJNNR-01A-01R,TARGET-50-PAJLPX-01A-01R,TARGET-50-CAAAAH-01A-01R,TARGET-50-PAKMUB-01A-02R,TARGET-50-CAAAAL-01A-01R,TARGET-50-PALGAZ-01A-01R,TARGET-50-PAJMRL-01A-01R,TARGET-50-PAKGZX-01A-01R,TARGET-50-CAAAAQ-01A-01R,TARGET-50-PAJMLI-01A-01R,TARGET-50-CAAAAS-01A-01R,TARGET-50-PAJNEC-01A-01R,TARGET-50-PALGVY-01A-01R,TARGET-50-PAKFME-01A-01R,TARGET-50-PAJPCM-01A-01R,TARGET-50-PAECJB-01A-01R,TARGET-50-PAKRVH-01A-01R,TARGET-50-PAJNCJ-01A-01R,TARGET-50-PAKKSE-01A-01R,TARGET-50-PAJNLT-01A-01R,TARGET-50-PAJMKJ-01A-01R,TARGET-50-PAJNUS-01A-01R,TARGET-50-PAKVET-01A-01R,TARGET-50-PAKNAL-01A-01R,TARGET-50-PAJPAR-01A-01R,TARGET-50-PAJMJT-01A-01R,TARGET-50-PAKNRX-01A-01R,TARGET-50-PAKSDG-01A-01R,TARGET-50-CAAAAP-01A-01R,TARGET-50-PAJNRH-01A-01R,TARGET-50-PALKCW-01A-01R,TARGET-50-PAJPEW-01A-01R,TARGET-50-PAKRCC-01A-02R,TARGET-50-PAJMFY-01A-01R,TARGET-50-PAKPDF-01A-01R,TARGET-50-PAJNZK-01A-01R,TARGET-50-PAKRZW-01A-01R,TARGET-50-PAJMVU-01A-01R,TARGET-50-PAKFYV-01A-01R,TARGET-50-PAJNVE-01A-01R,TARGET-50-CAAAAJ-01A-01R,TARGET-50-PAJNRL-01A-01R,TARGET-50-PAJPHA-01A-01R,TARGET-50-PAJLIP-01A-01R,TARGET-50-PALFME-01A-01R,TARGET-50-CAAAAO-01A-01R,TARGET-50-PADZUB-01A-01R,TARGET-50-PAJNVX-01A-01R,TARGET-50-PAJMEP-01A-01R,TARGET-50-CAAAAB-01A-01R,TARGET-50-PAJMKI-01A-01R,TARGET-50-PAJLNJ-01A-01R,TARGET-50-PAKNTW-01A-02R,TARGET-50-CAAAAR-01A-01R,TARGET-50-PAJPDN-01A-01R,TARGET-50-PAJPGY-01A-01R,TARGET-50-PAJLWT-01A-01R,TARGET-50-PAJNUP-01A-01R,TARGET-50-PAKUIT-01A-01R,TARGET-50-PAJPDC-01A-01R,TARGET-50-PAKZFK-01A-01R,TARGET-50-PAJNTJ-01A-01R,TARGET-50-PAJLKR-01A-01R,TARGET-50-PALEZT-01A-01R,TARGET-50-PAKZER-01A-01R,TARGET-50-PAJNBN-01A-01R,TARGET-50-PAJNYT-01A-02R,TARGET-50-PALLFB-01A-01R,TARGET-50-PAKULH-01A-02R,TARGET-50-PALERC-01A-01R,TARGET-50-PAJNCZ-01A-01R,TARGET-50-PAKYLT-01A-01R,TARGET-50-PADXAY-01A-01R,TARGET-50-PAEBXA-01A-01R,TARGET-50-PAJMVC-01A-01R,TARGET-50-PALDTE-01A-01R,TARGET-50-PAKMSV-01A-01R,TARGET-50-PAKGED-01A-01R,TARGET-50-PAKECR-01A-01R,TARGET-50-PAJNDU-01A-01R,TARGET-50-PAJNZI-01A-01R,TARGET-50-PAEAFB-01A-01R,TARGET-50-PAKKNS-01A-01R,TARGET-50-PAJLKC-01A-01R,TARGET-50-PAKXXF-01A-01R,TARGET-50-PAJMIZ-01A-01R,TARGET-50-PAJLTH-01A-01R,TARGET-50-PAJNNC-01A-01R,TARGET-50-PAJLLF-01A-01R,TARGET-50-PAJLTI-01A-01R,TARGET-50-PAJNAV-01A-01R,TARGET-50-PAJPAU-01A-01R,TARGET-50-PAKXWB-01A-01R,TARGET-50-PAJMKN-01A-01R,TARGET-50-PAKWPM-01A-01R,TARGET-50-PALJIP-01A-01R,TARGET-50-PAJMMY-01A-01R,TARGET-50-PAKSCC-01A-01R,TARGET-50-PAJMUF-01A-01R,TARGET-50-PAJMEN-01A-01R,TARGET-50-CAAAAC-01A-01R,TARGET-50-PAJNCC-01A-01R,TARGET-50-PAJNJJ-01A-01R,TARGET-50-PAKNXS-01A-01R,TARGET-50-PAJNZS-01A-01R,TARGET-50-PAKJGM-01A-01R,TARGET-50-PAKYFC-01A-01R,TARGET-50-PAKGMU-01A-01R,TARGET-50-PAJMEL-01A-01R,TARGET-50-PAKZHF-01A-01R,TARGET-50-PAJLSP-01A-01R,TARGET-50-PALKRS-01A-01R,TARGET-50-PAJNGH-01A-01R,TARGET-50-PAJNAA-01A-01R,TARGET-50-PALDWP-01A-01R,TARGET-50-PAJMLZ-01A-01R,TARGET-50-PALFRD-01A-01R,TARGET-50-PAJMSE-01A-01R,TARGET-50-CAAAAM-01A-01R,TARGET-50-PALGLU-01A-01R
